index,image,status_code,target
3,e01-014-00-03,ok,the
106,e01-018-04-01,ok,the
149,e01-022-00-03,ok,the
187,e01-022-05-07,ok,the
191,e01-022-06-03,ok,the
215,e01-025-02-04,ok,the
219,e01-025-03-02,ok,the
255,e01-025-07-06,ok,the
259,e01-025-08-02,ok,the
306,e01-029-04-01,ok,the
326,e01-029-06-02,ok,the
406,e01-032-08-00,ok,the
413,e01-032-08-07,ok,the
426,e01-032-10-03,ok,the
434,e01-035-00-02,ok,the
492,e01-035-07-02,ok,the
497,e01-050-00-01,ok,the
508,e01-050-01-06,ok,the
517,e01-050-02-08,ok,the
521,e01-050-03-03,ok,the
546,e01-050-06-00,ok,the
562,e01-055-00-05,ok,the
565,e01-055-00-08,ok,the
596,e01-055-05-01,ok,the
602,e01-055-06-00,ok,the
605,e01-055-06-03,ok,the
632,e01-055-09-04,ok,the
641,e01-059-00-03,ok,the
668,e01-059-03-04,ok,the
701,e01-062-00-01,ok,the
746,e01-062-04-08,ok,the
757,e01-062-06-02,ok,the
762,e01-062-06-07,ok,the
774,e01-081-00-07,ok,the
807,e01-081-04-01,ok,the
810,e01-081-04-04,ok,the
813,e01-081-04-07,ok,the
822,e01-081-05-06,ok,the
835,e01-086-00-07,ok,the
838,e01-086-00-10,ok,the
853,e01-086-02-00,ok,the
857,e01-086-02-04,ok,the
862,e01-086-02-09,ok,the
910,e01-092-00-03,ok,the
923,e01-092-02-02,ok,the
927,e01-092-02-06,ok,the
949,e01-092-05-01,ok,the
952,e01-092-05-04,ok,the
972,e01-092-07-04,ok,the
985,e01-102-01-00,ok,the
998,e01-102-02-04,ok,the
1012,e01-102-04-00,ok,the
1047,e01-102-08-00,ok,the
1054,e01-102-08-07,ok,the
1074,e01-107-01-06,ok,the
1084,e01-107-02-06,ok,the
1090,e01-107-03-02,ok,the
1095,e01-107-03-07,ok,the
1133,e01-107-09-01,ok,the
1253,e01-119-05-00,ok,the
1256,e01-119-05-03,ok,the
1313,e02-000-03-05,ok,the
1326,e02-000-05-00,ok,the
1338,e02-000-06-02,ok,the
1345,e02-000-07-01,ok,the
1367,e02-014-01-09,ok,the
1370,e02-014-02-01,ok,the
1386,e02-014-03-08,ok,the
1398,e02-014-05-01,ok,the
1403,e02-014-05-06,ok,the
1411,e02-018-00-03,ok,the
1415,e02-018-00-07,ok,the
1420,e02-018-01-03,ok,the
1434,e02-018-03-02,ok,the
1438,e02-018-03-06,ok,the
1443,e02-018-04-03,ok,the
1446,e02-018-04-06,ok,the
1459,e02-018-06-02,ok,the
1462,e02-018-06-05,ok,the
1501,e02-021-05-00,ok,the
1550,e02-025-01-00,ok,the
1554,e02-025-01-04,ok,the
1561,e02-025-02-04,ok,the
1566,e02-025-03-02,ok,the
1579,e02-025-05-02,ok,the
1582,e02-025-05-05,ok,the
1603,e02-025-08-02,ok,the
1610,e02-025-09-03,ok,the
1740,e02-082-03-08,ok,the
1780,e02-086-00-03,ok,the
1805,e02-086-02-05,ok,the
1840,e02-086-05-07,ok,the
1847,e02-086-06-02,ok,the
1852,e02-086-06-07,ok,the
1870,e02-086-08-02,ok,the
1917,e02-091-04-02,ok,the
1931,e02-091-06-02,ok,the
1951,e02-094-01-02,ok,the
1959,e02-094-02-03,ok,the
1963,e02-094-03-01,ok,the
1966,e02-094-03-04,ok,the
1975,e02-094-04-06,ok,the
2008,e02-094-08-07,ok,the
2042,e02-100-02-03,ok,the
2075,e02-100-05-03,ok,the
2078,e02-100-05-06,ok,the
2099,e02-117-01-06,ok,the
2119,e02-117-03-08,ok,the
2170,e04-000-00-09,ok,the
2190,e04-000-03-03,ok,the
2194,e04-000-03-07,ok,the
2228,e04-004-00-03,ok,the
2248,e04-004-01-08,ok,the
2269,e04-004-03-05,ok,the
2273,e04-004-03-09,ok,the
2285,e04-004-04-10,ok,the
2297,e04-004-05-11,ok,the
2306,e04-008-00-01,ok,the
2392,e04-011-03-00,ok,the
2395,e04-011-03-03,ok,the
2423,e04-011-07-00,ok,the
2430,e04-011-08-00,ok,the
2445,e04-015-01-03,ok,the
2449,e04-015-01-07,ok,the
2456,e04-015-02-06,ok,the
2480,e04-015-05-04,ok,the
2486,e04-015-06-01,ok,the
2489,e04-015-06-04,ok,the
2506,e04-019-00-03,ok,the
2511,e04-019-01-01,ok,the
2519,e04-019-02-01,ok,the
2526,e04-019-03-01,ok,the
2535,e04-019-04-01,ok,the
2539,e04-019-04-05,ok,the
2561,e04-019-07-05,ok,the
2567,e04-022-00-02,ok,the
2577,e04-022-01-04,ok,the
2584,e04-022-02-01,ok,the
2590,e04-022-02-07,ok,the
2600,e04-022-03-08,ok,the
2622,e04-022-06-01,ok,the
2633,e04-026-00-02,ok,the
2637,e04-026-00-06,ok,the
2643,e04-026-01-03,ok,the
2665,e04-026-03-05,ok,the
2706,e04-030-00-02,ok,the
2713,e04-030-00-09,ok,the
2716,e04-030-01-02,ok,the
2724,e04-030-01-10,ok,the
2768,e04-030-06-03,ok,the
2792,e04-034-01-07,ok,the
2823,e04-034-04-02,ok,the
2828,e04-034-04-07,ok,the
2841,e04-034-06-01,ok,the
2844,e04-034-06-04,ok,the
2870,e04-038-01-05,ok,the
2881,e04-038-02-02,ok,the
2896,e04-038-03-07,ok,the
2921,e04-043-00-02,ok,the
3087,e04-058-01-00,ok,the
3108,e04-058-02-09,ok,the
3267,e04-068-02-10,ok,the
3276,e04-068-03-07,ok,the
3282,e04-068-04-03,ok,the
3311,e04-079-00-01,ok,the
3314,e04-079-00-04,ok,the
3320,e04-079-01-05,ok,the
3354,e04-079-07-00,ok,the
3374,e04-083-00-03,ok,the
3382,e04-083-01-02,ok,the
3387,e04-083-01-07,ok,the
3404,e04-083-03-03,ok,the
3418,e04-083-04-08,ok,the
3427,e04-083-06-00,ok,the
3436,e04-086-00-03,ok,the
3513,e04-091-01-01,ok,the
3518,e04-091-01-06,ok,the
3525,e04-091-02-04,ok,the
3529,e04-091-02-08,ok,the
3533,e04-091-03-03,ok,the
3537,e04-091-03-07,ok,the
3544,e04-091-04-05,ok,the
3561,e04-095-00-03,ok,the
3571,e04-095-01-03,ok,the
3587,e04-095-03-00,ok,the
3601,e04-095-04-07,ok,the
3609,e04-095-05-06,ok,the
3616,e04-095-06-05,ok,the
3624,e04-099-00-02,ok,the
3630,e04-099-00-08,ok,the
3642,e04-099-02-04,ok,the
3660,e04-099-04-02,ok,the
3666,e04-099-04-08,ok,the
3669,e04-099-05-00,ok,the
3679,e04-099-05-10,ok,the
3689,e04-099-06-09,ok,the
3695,e04-103-00-03,ok,the
3704,e04-103-01-02,ok,the
3710,e04-103-01-08,ok,the
3725,e04-103-03-01,ok,the
3728,e04-103-03-04,ok,the
3743,e04-103-04-08,ok,the
3755,e04-103-06-00,ok,the
3758,e04-103-06-03,ok,the
3762,e04-103-06-07,ok,the
3806,e04-109-04-00,ok,the
3817,e04-109-05-00,ok,the
3835,e04-114-00-03,ok,the
3839,e04-114-00-07,ok,the
3872,e04-114-03-06,ok,the
3883,e04-114-04-07,ok,the
3886,e04-114-05-00,ok,the
3897,e04-114-06-00,ok,the
3904,e04-114-06-07,ok,the
3907,e04-114-07-00,ok,the
3926,e04-119-01-00,ok,the
3935,e04-119-01-09,ok,the
3938,e04-119-02-00,ok,the
3956,e04-119-03-05,ok,the
3960,e04-119-03-09,ok,the
3991,e04-124-01-04,ok,the
3994,e04-124-01-07,ok,the
3997,e04-124-01-10,ok,the
4005,e04-124-02-06,ok,the
4009,e04-124-02-10,ok,the
4022,e04-124-04-03,ok,the
4047,e04-124-06-03,ok,the
4056,e04-127-00-06,ok,the
4059,e04-127-00-09,ok,the
4070,e04-127-01-09,ok,the
4145,e04-132-02-08,ok,the
4160,e06-000-00-05,ok,the
4166,e06-000-01-05,ok,the
4173,e06-000-02-06,ok,the
4178,e06-000-03-03,ok,the
4183,e06-000-04-00,ok,the
4190,e06-000-05-00,ok,the
4199,e06-000-06-01,ok,the
4202,e06-000-06-04,ok,the
4241,e06-003-04-05,ok,the
4250,e06-003-05-07,ok,the
4284,e06-003-10-00,ok,the
4288,e06-003-10-04,ok,the
4297,e06-006-01-00,ok,the
4306,e06-006-02-03,ok,the
4340,e06-006-06-04,ok,the
4347,e06-006-07-02,ok,the
4350,e06-006-07-05,ok,the
4354,e06-006-08-01,ok,the
4357,e06-006-08-04,ok,the
4360,e06-006-09-00,ok,the
4364,e06-006-09-04,ok,the
4372,e06-010-00-04,ok,the
4377,e06-010-00-09,ok,the
4384,e06-010-01-04,ok,the
4387,e06-010-01-07,ok,the
4396,e06-010-02-04,ok,the
4405,e06-010-03-01,ok,the
4408,e06-010-03-04,ok,the
4414,e06-010-03-10,ok,the
4432,e06-010-05-08,ok,the
4441,e06-010-06-07,ok,the
4488,e06-015-05-04,ok,the
4513,e06-015-09-06,ok,the
4515,e06-021-00-01,ok,the
4547,e06-021-04-00,ok,the
4575,e06-021-08-00,ok,the
4587,e06-021-09-03,ok,the
4595,e06-021-10-04,ok,the
4615,e06-026-02-07,ok,the
4646,e06-026-08-02,ok,the
4649,e06-026-08-05,ok,the
4659,e06-030-00-04,ok,the
4745,e06-033-00-05,ok,the
4769,e06-033-02-11,ok,the
4773,e06-033-03-02,ok,the
4789,e06-033-04-07,ok,the
4811,e06-033-07-01,ok,the
4821,e06-033-08-01,ok,the
4825,e06-033-08-05,ok,the
4828,e06-033-09-01,ok,the
4851,e06-037-01-06,ok,the
4857,e06-037-02-05,ok,the
4871,e06-037-04-03,ok,the
4881,e06-037-05-06,ok,the
4916,e06-037-10-03,ok,the
4949,e06-041-04-00,ok,the
4953,e06-041-04-04,ok,the
4960,e06-041-05-04,ok,the
4980,e06-041-08-05,ok,the
4988,e06-041-09-04,ok,the
5023,e06-046-02-05,ok,the
5034,e06-046-03-03,ok,the
5074,e06-049-01-03,ok,the
5083,e06-049-02-05,ok,the
5090,e06-049-03-04,ok,the
5095,e06-049-04-02,ok,the
5111,e06-049-06-04,ok,the
5148,e06-053-01-00,ok,the
5158,e06-053-02-03,ok,the
5163,e06-053-03-00,ok,the
5182,e06-053-05-01,ok,the
5188,e06-053-05-07,ok,the
5192,e06-053-06-03,ok,the
5201,e06-053-07-04,ok,the
5212,e06-070-00-01,ok,the
5225,e06-070-01-04,ok,the
5228,e06-070-01-07,ok,the
5300,e07-000-00-05,ok,the
5343,e07-000-05-00,ok,the
5364,e07-003-01-01,ok,the
5394,e07-003-04-05,ok,the
5440,e07-007-00-06,ok,the
5446,e07-007-01-04,ok,the
5461,e07-007-03-03,ok,the
5487,e07-007-05-08,ok,the
5505,e07-012-00-01,ok,the
5510,e07-012-00-06,ok,the
5516,e07-012-01-04,ok,the
5520,e07-012-01-08,ok,the
5540,e07-012-05-00,ok,the
5597,e07-061-01-02,ok,the
5607,e07-061-02-05,ok,the
5616,e07-061-03-06,ok,the
5623,e07-061-04-05,ok,the
5638,e07-061-06-02,ok,the
5657,e07-061-08-02,ok,the
5703,e07-066-03-06,ok,the
5708,e07-066-04-03,ok,the
5725,e07-066-06-02,ok,the
5731,e07-066-07-01,ok,the
5745,e07-072-00-01,ok,the
5751,e07-072-01-01,ok,the
5754,e07-072-01-04,ok,the
5769,e07-072-03-01,ok,the
5773,e07-072-03-05,ok,the
5822,e07-072-09-07,ok,the
5839,e07-076-00-04,ok,the
5853,e07-076-02-02,ok,the
5865,e07-076-03-06,ok,the
5888,e07-076-06-03,ok,the
5900,e07-076-07-07,ok,the
5911,e07-076-09-03,ok,the
6031,e07-083-04-07,ok,the
6046,e07-083-06-05,ok,the
6066,e07-083-09-04,ok,the
6089,e07-086-01-05,ok,the
6093,e07-086-02-02,ok,the
6102,e07-086-03-04,ok,the
6188,e07-090-04-07,ok,the
6198,e07-090-06-01,ok,the
6205,e07-090-06-08,ok,the
6210,e07-090-07-04,ok,the
6226,e07-094-00-04,ok,the
6252,e07-094-03-02,ok,the
6271,e07-094-05-03,ok,the
6310,e07-098-01-01,ok,the
6314,e07-098-01-05,ok,the
6322,e07-098-02-04,ok,the
6332,e07-098-03-04,ok,the
6396,e07-101-01-02,ok,the
6409,e07-101-02-03,ok,the
6461,e07-101-08-03,ok,the
6496,e07-105-02-04,ok,the
6528,e07-105-06-04,ok,the
6559,e07-108-02-06,ok,the
5,e01-014-00-05,ok,of
77,e01-018-01-01,ok,of
128,e01-018-06-06,ok,of
155,e01-022-01-03,ok,of
190,e01-022-06-02,ok,of
218,e01-025-03-01,ok,of
405,e01-032-07-06,ok,of
412,e01-032-08-06,ok,of
428,e01-032-10-05,ok,of
437,e01-035-00-05,ok,of
483,e01-035-06-02,ok,of
503,e01-050-01-01,ok,of
510,e01-050-02-01,ok,of
548,e01-050-06-02,ok,of
564,e01-055-00-07,ok,of
582,e01-055-03-05,ok,of
604,e01-055-06-02,ok,of
624,e01-055-08-07,ok,of
634,e01-055-09-06,ok,of
640,e01-059-00-02,ok,of
644,e01-059-00-06,ok,of
680,e01-059-04-07,ok,of
727,e01-062-02-08,ok,of
732,e01-062-03-04,ok,of
803,e01-081-03-07,ok,of
812,e01-081-04-06,ok,of
856,e01-086-02-03,ok,of
922,e01-092-02-01,ok,of
951,e01-092-05-03,ok,of
966,e01-092-06-08,ok,of
987,e01-102-01-02,ok,of
1030,e01-102-06-02,ok,of
1059,e01-107-00-02,ok,of
1069,e01-107-01-01,ok,of
1086,e01-107-02-08,ok,of
1183,e01-113-05-00,ok,of
1186,e01-113-05-03,ok,of
1202,e01-113-07-03,ok,of
1219,e01-119-01-05,ok,of
1255,e01-119-05-02,ok,of
1287,e02-000-00-03,ok,of
1397,e02-014-05-00,ok,of
1437,e02-018-03-05,ok,of
1461,e02-018-06-04,ok,of
1553,e02-025-01-03,ok,of
1565,e02-025-03-01,ok,of
1581,e02-025-05-04,ok,of
1695,e02-074-09-04,ok,of
1734,e02-082-03-02,ok,of
1804,e02-086-02-04,ok,of
1846,e02-086-06-01,ok,of
1872,e02-086-08-04,ok,of
1920,e02-091-04-05,ok,of
1953,e02-094-01-04,ok,of
1977,e02-094-04-08,ok,of
1990,e02-094-06-04,ok,of
2048,e02-100-02-09,ok,of
2188,e04-000-03-01,ok,of
2193,e04-000-03-06,ok,of
2378,e04-011-01-07,ok,of
2394,e04-011-03-02,ok,of
2409,e04-011-04-08,ok,of
2437,e04-015-00-03,ok,of
2448,e04-015-01-06,ok,of
2464,e04-015-03-05,ok,of
2505,e04-019-00-02,ok,of
2570,e04-022-00-05,ok,of
2587,e04-022-02-04,ok,of
2614,e04-022-05-02,ok,of
2671,e04-026-04-00,ok,of
2715,e04-030-01-01,ok,of
2743,e04-030-03-07,ok,of
2923,e04-043-00-04,ok,of
2931,e04-043-01-03,ok,of
2951,e04-043-03-05,ok,of
2980,e04-043-07-01,ok,of
2994,e04-052-01-02,ok,of
3093,e04-058-01-06,ok,of
3238,e04-068-00-06,ok,of
3284,e04-068-04-05,ok,of
3373,e04-083-00-02,ok,of
3386,e04-083-01-06,ok,of
3398,e04-083-02-08,ok,of
3560,e04-095-00-02,ok,of
3649,e04-099-03-01,ok,of
3683,e04-099-06-03,ok,of
3955,e04-119-03-04,ok,of
3970,e04-119-04-06,ok,of
3993,e04-124-01-06,ok,of
4058,e04-127-00-08,ok,of
4088,e04-127-03-06,ok,of
4095,e04-127-04-03,ok,of
4104,e04-127-05-03,ok,of
4292,e06-006-00-02,ok,of
4305,e06-006-02-02,ok,of
4308,e06-006-02-05,ok,of
4335,e06-006-05-08,ok,of
4343,e06-006-06-07,ok,of
4363,e06-006-09-03,ok,of
4386,e06-010-01-06,ok,of
4436,e06-010-06-02,ok,of
4495,e06-015-06-04,ok,of
4517,e06-021-00-03,ok,of
4678,e06-030-03-00,ok,of
4685,e06-030-03-07,ok,of
4726,e06-030-09-03,ok,of
4775,e06-033-03-04,ok,of
4779,e06-033-03-08,ok,of
4796,e06-033-05-05,ok,of
4813,e06-033-07-03,ok,of
4830,e06-033-09-03,ok,of
4850,e06-037-01-05,ok,of
4885,e06-037-06-02,ok,of
4912,e06-037-09-09,ok,of
4939,e06-041-02-05,ok,of
4962,e06-041-06-01,ok,of
5025,e06-046-02-07,ok,of
5044,e06-046-04-01,ok,of
5079,e06-049-02-01,ok,of
5094,e06-049-04-01,ok,of
5118,e06-049-07-04,ok,of
5169,e06-053-03-06,ok,of
5172,e06-053-04-01,ok,of
5227,e06-070-01-06,ok,of
5235,e06-070-02-04,ok,of
5313,e07-000-02-00,ok,of
5345,e07-000-05-02,ok,of
5366,e07-003-01-03,ok,of
5382,e07-003-03-01,ok,of
5437,e07-007-00-03,ok,of
5486,e07-007-05-07,ok,of
5494,e07-007-06-05,ok,of
5501,e07-007-07-04,ok,of
5596,e07-061-01-01,ok,of
5637,e07-061-06-01,ok,of
5656,e07-061-08-01,ok,of
5659,e07-061-08-04,ok,of
5748,e07-072-00-04,ok,of
5753,e07-072-01-03,ok,of
5838,e07-076-00-03,ok,of
5977,e07-079-08-04,ok,of
5990,e07-079-10-03,ok,of
6010,e07-083-02-01,ok,of
6136,e07-086-07-07,ok,of
6208,e07-090-07-02,ok,of
6240,e07-094-01-09,ok,of
6256,e07-094-03-06,ok,of
6270,e07-094-05-02,ok,of
6321,e07-098-02-03,ok,of
6337,e07-098-04-00,ok,of
6342,e07-098-04-05,ok,of
6388,e07-101-00-03,ok,of
6398,e07-101-01-04,ok,of
6401,e07-101-01-07,ok,of
6511,e07-105-04-03,ok,of
6571,e07-108-04-04,ok,of
6579,e07-108-05-04,ok,of
6602,e07-108-07-09,ok,of
243,e01-025-06-04,ok,has
621,e01-055-08-04,ok,has
628,e01-055-09-00,ok,has
1290,e02-000-00-06,ok,has
1423,e02-018-02-00,ok,has
2147,e02-117-06-04,ok,has
4580,e06-021-08-05,ok,has
4819,e06-033-07-09,ok,has
4845,e06-037-01-00,ok,has
5215,e06-070-00-04,ok,has
6635,e07-112-02-00,ok,has
34,e01-014-03-05,ok,to
59,e01-014-06-00,ok,to
166,e01-022-03-00,ok,to
186,e01-022-05-06,ok,to
234,e01-025-05-04,ok,to
251,e01-025-07-02,ok,to
302,e01-029-03-04,ok,to
315,e01-029-05-00,ok,to
324,e01-029-06-00,ok,to
353,e01-032-01-04,ok,to
360,e01-032-02-03,ok,to
367,e01-032-03-03,ok,to
382,e01-032-05-00,ok,to
455,e01-035-02-05,ok,to
461,e01-035-03-03,ok,to
466,e01-035-03-08,ok,to
523,e01-050-03-05,ok,to
709,e01-062-00-09,ok,to
721,e01-062-02-02,ok,to
742,e01-062-04-04,ok,to
755,e01-062-06-00,ok,to
759,e01-062-06-04,ok,to
773,e01-081-00-06,ok,to
818,e01-081-05-02,ok,to
821,e01-081-05-05,ok,to
833,e01-086-00-05,ok,to
837,e01-086-00-09,ok,to
868,e01-086-03-05,ok,to
909,e01-092-00-02,ok,to
926,e01-092-02-05,ok,to
958,e01-092-06-00,ok,to
1050,e01-102-08-03,ok,to
1098,e01-107-04-02,ok,to
1198,e01-113-06-06,ok,to
1248,e01-119-04-03,ok,to
1310,e02-000-03-02,ok,to
1364,e02-014-01-06,ok,to
1384,e02-014-03-06,ok,to
1401,e02-014-05-04,ok,to
1432,e02-018-03-00,ok,to
1457,e02-018-06-00,ok,to
1470,e02-021-00-05,ok,to
1576,e02-025-04-05,ok,to
1609,e02-025-09-02,ok,to
1641,e02-074-02-06,ok,to
1662,e02-074-05-03,ok,to
1779,e02-086-00-02,ok,to
1814,e02-086-03-02,ok,to
1832,e02-086-04-09,ok,to
1854,e02-086-07-00,ok,to
1971,e02-094-04-02,ok,to
2020,e02-100-00-03,ok,to
2040,e02-100-02-01,ok,to
2073,e02-100-05-01,ok,to
2094,e02-117-01-01,ok,to
2216,e04-000-06-06,ok,to
2258,e04-004-02-05,ok,to
2288,e04-004-05-02,ok,to
2323,e04-008-01-07,ok,to
2358,e04-008-04-01,ok,to
2428,e04-011-07-05,ok,to
2515,e04-019-01-05,ok,to
2528,e04-019-03-03,ok,to
2538,e04-019-04-04,ok,to
2621,e04-022-06-00,ok,to
2636,e04-026-00-05,ok,to
2664,e04-026-03-04,ok,to
2712,e04-030-00-08,ok,to
2763,e04-030-05-07,ok,to
2868,e04-038-01-03,ok,to
2879,e04-038-02-00,ok,to
3071,e04-052-07-02,ok,to
3085,e04-058-00-10,ok,to
3106,e04-058-02-07,ok,to
3152,e04-062-00-07,ok,to
3163,e04-062-01-09,ok,to
3259,e04-068-02-02,ok,to
3316,e04-079-01-01,ok,to
3379,e04-083-00-08,ok,to
3381,e04-083-01-01,ok,to
3392,e04-083-02-02,ok,to
3401,e04-083-03-00,ok,to
3406,e04-083-03-05,ok,to
3417,e04-083-04-07,ok,to
3573,e04-095-01-05,ok,to
3578,e04-095-02-00,ok,to
3592,e04-095-03-05,ok,to
3641,e04-099-02-03,ok,to
3677,e04-099-05-08,ok,to
3702,e04-103-01-00,ok,to
3727,e04-103-03-03,ok,to
3757,e04-103-06-02,ok,to
3819,e04-109-05-02,ok,to
3827,e04-109-06-00,ok,to
3871,e04-114-03-05,ok,to
3877,e04-114-04-01,ok,to
3881,e04-114-04-05,ok,to
3903,e04-114-06-06,ok,to
3933,e04-119-01-07,ok,to
3989,e04-124-01-02,ok,to
4045,e04-124-06-01,ok,to
4187,e06-000-04-04,ok,to
4240,e06-003-04-04,ok,to
4296,e06-006-00-06,ok,to
4323,e06-006-04-05,ok,to
4325,e06-006-04-07,ok,to
4353,e06-006-08-00,ok,to
4395,e06-010-02-03,ok,to
4458,e06-015-01-04,ok,to
4471,e06-015-03-05,ok,to
4498,e06-015-07-01,ok,to
4610,e06-026-02-02,ok,to
4624,e06-026-04-03,ok,to
4648,e06-026-08-04,ok,to
4723,e06-030-09-00,ok,to
4768,e06-033-02-10,ok,to
4810,e06-033-07-00,ok,to
4896,e06-037-08-00,ok,to
4903,e06-037-09-00,ok,to
5072,e06-049-01-01,ok,to
5154,e06-053-01-06,ok,to
5260,e06-070-05-02,ok,to
5271,e06-070-06-05,ok,to
5283,e06-070-08-01,ok,to
5289,e06-070-09-01,ok,to
5445,e07-007-01-03,ok,to
5550,e07-012-06-02,ok,to
5563,e07-012-08-01,ok,to
5690,e07-066-01-06,ok,to
5887,e07-076-06-02,ok,to
5933,e07-079-02-03,ok,to
6000,e07-083-00-07,ok,to
6040,e07-083-05-07,ok,to
6080,e07-086-00-04,ok,to
6120,e07-086-06-00,ok,to
6229,e07-094-00-07,ok,to
6249,e07-094-02-08,ok,to
6329,e07-098-03-01,ok,to
6456,e07-101-07-07,ok,to
6467,e07-101-09-00,ok,to
6503,e07-105-03-03,ok,to
6525,e07-105-06-01,ok,to
6546,e07-108-01-01,ok,to
6550,e07-108-01-05,ok,to
6558,e07-108-02-05,ok,to
6626,e07-112-00-05,ok,to
132,e01-018-07-00,ok,are
148,e01-022-00-02,ok,are
181,e01-022-05-01,ok,are
654,e01-059-02-02,ok,are
753,e01-062-05-05,ok,are
817,e01-081-05-01,ok,are
921,e01-092-02-00,ok,are
994,e01-102-02-00,ok,are
1015,e01-102-04-03,ok,are
1028,e01-102-06-00,ok,are
1094,e01-107-03-06,ok,are
1104,e01-107-05-01,ok,are
1300,e02-000-02-00,ok,are
1307,e02-000-02-07,ok,are
1556,e02-025-01-06,ok,are
1626,e02-074-01-00,ok,are
1722,e02-082-02-00,ok,are
2005,e02-094-08-04,ok,are
2308,e04-008-00-03,ok,are
2367,e04-011-00-05,ok,are
2756,e04-030-05-00,ok,are
2920,e04-043-00-01,ok,are
3023,e04-052-03-06,ok,are
3414,e04-083-04-04,ok,are
3505,e04-091-00-02,ok,are
3594,e04-095-04-00,ok,are
3603,e04-095-05-00,ok,are
3699,e04-103-00-07,ok,are
3787,e04-109-02-01,ok,are
3865,e04-114-02-11,ok,are
3931,e04-119-01-05,ok,are
4099,e04-127-04-07,ok,are
4236,e06-003-04-00,ok,are
4445,e06-010-07-02,ok,are
4468,e06-015-03-02,ok,are
4493,e06-015-06-02,ok,are
4542,e06-021-03-05,ok,are
4591,e06-021-10-00,ok,are
4608,e06-026-02-00,ok,are
4621,e06-026-04-00,ok,are
4877,e06-037-05-02,ok,are
4894,e06-037-07-03,ok,are
5092,e06-049-03-06,ok,are
5144,e06-053-00-05,ok,are
5269,e06-070-06-03,ok,are
5327,e07-000-03-03,ok,are
5406,e07-003-06-02,ok,are
5479,e07-007-05-00,ok,are
5630,e07-061-05-04,ok,are
5759,e07-072-01-09,ok,are
5785,e07-072-05-04,ok,are
5791,e07-072-06-03,ok,are
5827,e07-072-10-04,ok,are
5856,e07-076-02-05,ok,are
5870,e07-076-04-02,ok,are
5894,e07-076-07-01,ok,are
5927,e07-079-01-04,ok,are
6104,e07-086-03-06,ok,are
6113,e07-086-04-07,ok,are
6129,e07-086-07-00,ok,are
6151,e07-090-00-02,ok,are
6179,e07-090-03-05,ok,are
6224,e07-094-00-02,ok,are
6237,e07-094-01-06,ok,are
6268,e07-094-05-00,ok,are
6304,e07-098-00-06,ok,are
6515,e07-105-04-07,ok,are
6523,e07-105-05-06,ok,are
6530,e07-105-06-06,ok,are
6537,e07-108-00-01,ok,are
6544,e07-108-00-08,ok,are
6576,e07-108-05-01,ok,are
6622,e07-112-00-01,ok,are
6643,e07-112-03-00,ok,are
6653,e07-112-04-02,ok,are
373,e01-032-04-01,ok,on
793,e01-081-02-07,ok,on
806,e01-081-04-00,ok,on
861,e01-086-02-08,ok,on
1369,e02-014-02-00,ok,on
2098,e02-117-01-05,ok,on
2115,e02-117-03-04,ok,on
2560,e04-019-07-04,ok,on
2566,e04-022-00-01,ok,on
2576,e04-022-01-03,ok,on
2589,e04-022-02-06,ok,on
3083,e04-058-00-08,ok,on
3119,e04-058-03-07,ok,on
3275,e04-068-03-06,ok,on
3395,e04-083-02-05,ok,on
3439,e04-086-00-06,ok,on
3499,e04-086-06-00,ok,on
3596,e04-095-04-02,ok,on
3965,e04-119-04-01,ok,on
4021,e04-124-04-02,ok,on
4131,e04-132-01-04,ok,on
4255,e06-003-06-04,ok,on
4339,e06-006-06-03,ok,on
4658,e06-030-00-03,ok,on
4785,e06-033-04-03,ok,on
5082,e06-049-02-04,ok,on
5393,e07-003-04-04,ok,on
5411,e07-003-06-07,ok,on
5555,e07-012-06-07,ok,on
5611,e07-061-03-01,ok,on
5716,e07-066-05-04,ok,on
5829,e07-072-10-06,ok,on
5962,e07-079-06-03,ok,on
6063,e07-083-09-01,ok,on
6499,e07-105-02-07,ok,on
109,e01-018-04-04,ok,by
197,e01-025-00-03,ok,by
331,e01-029-06-07,ok,by
477,e01-035-05-01,ok,by
1156,e01-113-01-08,ok,by
1739,e02-082-03-07,ok,by
2169,e04-000-00-08,ok,by
2226,e04-004-00-01,ok,by
2235,e04-004-00-10,ok,by
2272,e04-004-03-08,ok,by
2381,e04-011-02-00,ok,by
2385,e04-011-02-04,ok,by
2660,e04-026-03-00,ok,by
2737,e04-030-03-01,ok,by
2959,e04-043-04-05,ok,by
3652,e04-099-03-04,ok,by
3767,e04-109-00-02,ok,by
4110,e04-127-05-09,ok,by
4614,e06-026-02-06,ok,by
4640,e06-026-07-02,ok,by
4730,e06-030-09-07,ok,by
4987,e06-041-09-03,ok,by
5029,e06-046-02-11,ok,by
5187,e06-053-05-06,ok,by
5368,e07-003-01-05,ok,by
5379,e07-003-02-07,ok,by
5414,e07-003-07-02,ok,by
5460,e07-007-03-02,ok,by
5481,e07-007-05-02,ok,by
5526,e07-012-02-05,ok,by
5714,e07-066-05-02,ok,by
6073,e07-083-10-05,ok,by
6486,e07-105-01-01,ok,by
50,e01-014-05-00,ok,and
104,e01-018-03-08,ok,and
208,e01-025-01-06,ok,and
254,e01-025-07-05,ok,and
284,e01-029-01-00,ok,and
291,e01-029-01-07,ok,and
295,e01-029-02-03,ok,and
330,e01-029-06-06,ok,and
347,e01-032-00-04,ok,and
357,e01-032-02-00,ok,and
442,e01-035-01-00,ok,and
449,e01-035-01-07,ok,and
479,e01-035-05-03,ok,and
487,e01-035-06-06,ok,and
534,e01-050-04-06,ok,and
541,e01-050-05-05,ok,and
567,e01-055-01-01,ok,and
585,e01-055-03-08,ok,and
608,e01-055-06-06,ok,and
627,e01-055-08-10,ok,and
666,e01-059-03-02,ok,and
714,e01-062-01-03,ok,and
717,e01-062-01-06,ok,and
737,e01-062-03-09,ok,and
751,e01-062-05-03,ok,and
770,e01-081-00-03,ok,and
795,e01-081-02-09,ok,and
947,e01-092-04-09,ok,and
965,e01-092-06-07,ok,and
1008,e01-102-03-05,ok,and
1148,e01-113-01-00,ok,and
1172,e01-113-04-00,ok,and
1211,e01-119-00-06,ok,and
1242,e01-119-03-06,ok,and
1276,e01-119-07-02,ok,and
1294,e02-000-01-02,ok,and
1341,e02-000-06-05,ok,and
1375,e02-014-02-06,ok,and
1427,e02-018-02-04,ok,and
1569,e02-025-03-05,ok,and
1586,e02-025-06-02,ok,and
1634,e02-074-01-08,ok,and
1702,e02-074-10-02,ok,and
1783,e02-086-00-06,ok,and
1821,e02-086-03-09,ok,and
1948,e02-094-00-07,ok,and
1974,e02-094-04-05,ok,and
2026,e02-100-00-09,ok,and
2142,e02-117-05-08,ok,and
2151,e02-117-07-01,ok,and
2186,e04-000-02-08,ok,and
2219,e04-000-06-09,ok,and
2313,e04-008-00-08,ok,and
2370,e04-011-00-08,ok,and
2419,e04-011-06-03,ok,and
2461,e04-015-03-02,ok,and
2469,e04-015-04-01,ok,and
2509,e04-019-00-06,ok,and
2518,e04-019-02-00,ok,and
2544,e04-019-05-02,ok,and
2547,e04-019-05-05,ok,and
2581,e04-022-01-08,ok,and
2619,e04-022-05-07,ok,and
2624,e04-022-06-03,ok,and
2739,e04-030-03-03,ok,and
2826,e04-034-04-05,ok,and
2843,e04-034-06-03,ok,and
2915,e04-038-06-01,ok,and
2936,e04-043-01-08,ok,and
2949,e04-043-03-03,ok,and
2954,e04-043-04-00,ok,and
2972,e04-043-06-00,ok,and
3002,e04-052-01-10,ok,and
3060,e04-052-06-02,ok,and
3069,e04-052-07-00,ok,and
3125,e04-058-04-00,ok,and
3149,e04-062-00-04,ok,and
3257,e04-068-02-00,ok,and
3313,e04-079-00-03,ok,and
3384,e04-083-01-04,ok,and
3509,e04-091-00-06,ok,and
3520,e04-091-01-08,ok,and
3535,e04-091-03-05,ok,and
3568,e04-095-01-00,ok,and
3599,e04-095-04-05,ok,and
3626,e04-099-00-04,ok,and
3665,e04-099-04-07,ok,and
3730,e04-103-03-06,ok,and
3761,e04-103-06-06,ok,and
3779,e04-109-01-02,ok,and
3867,e04-114-03-01,ok,and
3906,e04-114-06-09,ok,and
3929,e04-119-01-03,ok,and
4064,e04-127-01-03,ok,and
4083,e04-127-03-01,ok,and
4129,e04-132-01-02,ok,and
4144,e04-132-02-07,ok,and
4181,e06-000-03-06,ok,and
4197,e06-000-05-07,ok,and
4356,e06-006-08-03,ok,and
4428,e06-010-05-04,ok,and
4454,e06-015-01-00,ok,and
4651,e06-026-09-00,ok,and
4870,e06-037-04-02,ok,and
4889,e06-037-06-06,ok,and
5143,e06-053-00-04,ok,and
5166,e06-053-03-03,ok,and
5203,e06-053-07-06,ok,and
5315,e07-000-02-02,ok,and
5348,e07-000-05-05,ok,and
5372,e07-003-02-00,ok,and
5420,e07-003-07-08,ok,and
5424,e07-003-08-03,ok,and
5473,e07-007-04-05,ok,and
5539,e07-012-04-06,ok,and
5618,e07-061-04-00,ok,and
5652,e07-061-07-05,ok,and
5675,e07-061-10-02,ok,and
5730,e07-066-07-00,ok,and
5779,e07-072-04-04,ok,and
5863,e07-076-03-04,ok,and
5867,e07-076-03-08,ok,and
5930,e07-079-02-00,ok,and
5935,e07-079-02-05,ok,and
6088,e07-086-01-04,ok,and
6115,e07-086-05-01,ok,and
6132,e07-086-07-03,ok,and
6173,e07-090-02-08,ok,and
6182,e07-090-04-01,ok,and
6254,e07-094-03-04,ok,and
6354,e07-098-06-01,ok,and
6381,e07-098-09-01,ok,and
6411,e07-101-02-05,ok,and
6423,e07-101-04-00,ok,and
6494,e07-105-02-02,ok,and
6593,e07-108-07-00,ok,and
6610,e07-108-08-07,ok,and
6656,e07-112-04-05,ok,and
277,e01-029-00-02,ok,be
351,e01-032-01-02,ok,be
707,e01-062-00-07,ok,be
819,e01-081-05-03,ok,be
831,e01-086-00-03,ok,be
1130,e01-107-08-05,ok,be
1355,e02-014-00-07,ok,be
1362,e02-014-01-04,ok,be
1449,e02-018-04-09,ok,be
1455,e02-018-05-05,ok,be
1663,e02-074-05-04,ok,be
1737,e02-082-03-05,ok,be
1826,e02-086-04-03,ok,be
1837,e02-086-05-04,ok,be
1855,e02-086-07-01,ok,be
1876,e02-086-08-08,ok,be
1923,e02-091-05-01,ok,be
2014,e02-094-09-05,ok,be
2113,e02-117-03-02,ok,be
2167,e04-000-00-06,ok,be
2204,e04-000-05-02,ok,be
2300,e04-004-06-01,ok,be
2319,e04-008-01-03,ok,be
2597,e04-022-03-05,ok,be
2848,e04-034-06-08,ok,be
2892,e04-038-03-03,ok,be
2900,e04-038-04-03,ok,be
3067,e04-052-06-09,ok,be
3123,e04-058-03-11,ok,be
3264,e04-068-02-07,ok,be
3377,e04-083-00-06,ok,be
3424,e04-083-05-05,ok,be
3483,e04-086-04-07,ok,be
3858,e04-114-02-04,ok,be
3878,e04-114-04-02,ok,be
4108,e04-127-05-07,ok,be
4122,e04-132-00-04,ok,be
4138,e04-132-02-01,ok,be
4528,e06-021-02-00,ok,be
4535,e06-021-02-07,ok,be
4554,e06-021-04-07,ok,be
4638,e06-026-07-00,ok,be
4904,e06-037-09-01,ok,be
5073,e06-049-01-02,ok,be
5185,e06-053-05-04,ok,be
5261,e06-070-05-03,ok,be
5292,e06-070-09-04,ok,be
5534,e07-012-04-01,ok,be
5814,e07-072-08-07,ok,be
5878,e07-076-05-02,ok,be
5947,e07-079-04-04,ok,be
6069,e07-083-10-01,ok,be
6359,e07-098-06-06,ok,be
6446,e07-101-06-06,ok,be
6453,e07-101-07-04,ok,be
6468,e07-101-09-01,ok,be
6473,e07-101-09-06,ok,be
223,e01-025-04-01,ok,it
266,e01-025-09-02,ok,it
322,e01-029-05-07,ok,it
515,e01-050-02-06,ok,it
527,e01-050-03-09,ok,it
738,e01-062-04-00,ok,it
970,e01-092-07-02,ok,it
1078,e01-107-02-00,ok,it
1467,e02-021-00-02,ok,it
1573,e02-025-04-02,ok,it
1638,e02-074-02-03,ok,it
1659,e02-074-05-00,ok,it
1668,e02-074-06-02,ok,it
1677,e02-074-07-03,ok,it
1698,e02-074-09-07,ok,it
1773,e02-082-07-06,ok,it
2062,e02-100-04-02,ok,it
2116,e02-117-03-05,ok,it
2441,e04-015-00-07,ok,it
2875,e04-038-01-10,ok,it
3065,e04-052-06-07,ok,it
3117,e04-058-03-05,ok,it
3741,e04-103-04-06,ok,it
3789,e04-109-02-03,ok,it
3874,e04-114-03-08,ok,it
4539,e06-021-03-02,ok,it
4578,e06-021-08-03,ok,it
4645,e06-026-08-01,ok,it
4693,e06-030-04-07,ok,it
4798,e06-033-05-07,ok,it
4936,e06-041-02-02,ok,it
5047,e06-046-04-04,ok,it
5107,e06-049-06-00,ok,it
5507,e07-012-00-03,ok,it
5513,e07-012-01-01,ok,it
6050,e07-083-07-02,ok,it
6289,e07-094-07-01,ok,it
6413,e07-101-03-00,ok,it
6471,e07-101-09-04,ok,it
11,e01-014-01-03,ok,a
23,e01-014-02-05,ok,a
85,e01-018-01-09,ok,a
90,e01-018-02-02,ok,a
142,e01-018-08-02,ok,a
153,e01-022-01-01,ok,a
169,e01-022-03-03,ok,a
200,e01-025-00-06,ok,a
206,e01-025-01-04,ok,a
228,e01-025-04-06,ok,a
355,e01-032-01-06,ok,a
364,e01-032-03-00,ok,a
368,e01-032-03-04,ok,a
374,e01-032-04-02,ok,a
379,e01-032-04-07,ok,a
383,e01-032-05-01,ok,a
388,e01-032-05-06,ok,a
410,e01-032-08-04,ok,a
481,e01-035-06-00,ok,a
500,e01-050-00-04,ok,a
580,e01-055-03-03,ok,a
622,e01-055-08-05,ok,a
657,e01-059-02-05,ok,a
663,e01-059-02-11,ok,a
683,e01-059-05-02,ok,a
689,e01-059-05-08,ok,a
697,e01-059-06-06,ok,a
725,e01-062-02-06,ok,a
801,e01-081-03-05,ok,a
1066,e01-107-00-09,ok,a
1107,e01-107-05-04,ok,a
1154,e01-113-01-06,ok,a
1191,e01-113-05-08,ok,a
1333,e02-000-05-07,ok,a
1351,e02-014-00-03,ok,a
1517,e02-021-06-10,ok,a
1679,e02-074-07-05,ok,a
1692,e02-074-09-01,ok,a
1731,e02-082-02-09,ok,a
1770,e02-082-07-03,ok,a
1794,e02-086-01-05,ok,a
1812,e02-086-03-00,ok,a
1829,e02-086-04-06,ok,a
1860,e02-086-07-06,ok,a
1865,e02-086-07-11,ok,a
1881,e02-091-00-01,ok,a
1889,e02-091-01-01,ok,a
1979,e02-094-05-01,ok,a
1988,e02-094-06-02,ok,a
2046,e02-100-02-07,ok,a
2064,e02-100-04-04,ok,a
2163,e04-000-00-02,ok,a
2221,e04-000-07-01,ok,a
2264,e04-004-03-00,ok,a
2291,e04-004-05-05,ok,a
2325,e04-008-01-09,ok,a
2407,e04-011-04-06,ok,a
2530,e04-019-03-05,ok,a
2649,e04-026-01-09,ok,a
2669,e04-026-03-09,ok,a
2831,e04-034-05-00,ok,a
2837,e04-034-05-06,ok,a
2851,e04-034-07-00,ok,a
2924,e04-043-00-05,ok,a
2977,e04-043-06-05,ok,a
3080,e04-058-00-05,ok,a
3091,e04-058-01-04,ok,a
3154,e04-062-01-00,ok,a
3226,e04-062-07-06,ok,a
3236,e04-068-00-04,ok,a
3272,e04-068-03-03,ok,a
3327,e04-079-03-00,ok,a
3345,e04-079-05-04,ok,a
3362,e04-079-08-01,ok,a
3612,e04-095-06-01,ok,a
3737,e04-103-04-02,ok,a
3780,e04-109-01-03,ok,a
3812,e04-109-04-06,ok,a
3822,e04-109-05-05,ok,a
4102,e04-127-05-01,ok,a
4125,e04-132-00-07,ok,a
4132,e04-132-01-05,ok,a
4141,e04-132-02-04,ok,a
4151,e04-132-03-05,ok,a
4500,e06-015-07-03,ok,a
4523,e06-021-01-02,ok,a
4581,e06-021-08-06,ok,a
4777,e06-033-03-06,ok,a
4783,e06-033-04-01,ok,a
4814,e06-033-07-04,ok,a
4909,e06-037-09-06,ok,a
4937,e06-041-02-03,ok,a
4963,e06-041-06-02,ok,a
4975,e06-041-08-00,ok,a
5041,e06-046-03-10,ok,a
5233,e06-070-02-02,ok,a
5236,e06-070-02-05,ok,a
5380,e07-003-02-08,ok,a
5552,e07-012-06-04,ok,a
5699,e07-066-03-02,ok,a
5817,e07-072-09-02,ok,a
5949,e07-079-04-06,ok,a
5975,e07-079-08-02,ok,a
6005,e07-083-01-04,ok,a
6024,e07-083-04-00,ok,a
6036,e07-083-05-03,ok,a
6052,e07-083-07-04,ok,a
6143,e07-086-09-00,ok,a
6245,e07-094-02-04,ok,a
6257,e07-094-03-07,ok,a
6293,e07-094-07-05,ok,a
6327,e07-098-02-09,ok,a
6335,e07-098-03-07,ok,a
6399,e07-101-01-05,ok,a
6424,e07-101-04-01,ok,a
6457,e07-101-07-08,ok,a
6488,e07-105-01-03,ok,a
6632,e07-112-01-05,ok,a
6659,e07-112-05-02,ok,a
14,e01-014-01-06,ok,for
22,e01-014-02-04,ok,for
38,e01-014-04-00,ok,for
42,e01-014-04-04,ok,for
116,e01-018-05-02,ok,for
615,e01-055-07-04,ok,for
692,e01-059-06-01,ok,for
997,e01-102-02-03,ok,for
1002,e01-102-02-08,ok,for
1017,e01-102-04-05,ok,for
1063,e01-107-00-06,ok,for
1106,e01-107-05-03,ok,for
1111,e01-107-06-01,ok,for
1927,e02-091-05-05,ok,for
1933,e02-091-06-04,ok,for
2045,e02-100-02-06,ok,for
2135,e02-117-05-01,ok,for
2153,e02-117-07-03,ok,for
2416,e04-011-06-00,ok,for
2488,e04-015-06-03,ok,for
2840,e04-034-06-00,ok,for
2943,e04-043-02-06,ok,for
3116,e04-058-03-04,ok,for
3228,e04-062-07-08,ok,for
3242,e04-068-00-10,ok,for
3403,e04-083-03-02,ok,for
3540,e04-091-04-01,ok,for
3637,e04-099-01-06,ok,for
3656,e04-099-03-08,ok,for
3688,e04-099-06-08,ok,for
3816,e04-109-04-10,ok,for
3821,e04-109-05-04,ok,for
3838,e04-114-00-06,ok,for
3896,e04-114-05-10,ok,for
3901,e04-114-06-04,ok,for
3946,e04-119-02-08,ok,for
3973,e04-119-04-09,ok,for
4127,e04-132-01-00,ok,for
4149,e04-132-03-03,ok,for
4310,e06-006-03-00,ok,for
4682,e06-030-03-04,ok,for
5114,e06-049-07-00,ok,for
5810,e07-072-08-03,ok,for
5832,e07-072-11-02,ok,for
6033,e07-083-05-00,ok,for
6146,e07-086-09-03,ok,for
6171,e07-090-02-06,ok,for
6197,e07-090-06-00,ok,for
6217,e07-090-09-00,ok,for
6232,e07-094-01-01,ok,for
6448,e07-101-06-08,ok,for
6518,e07-105-05-01,ok,for
6541,e07-108-00-05,ok,for
56,e01-014-05-06,ok,not
459,e01-035-03-01,ok,not
735,e01-062-03-07,ok,not
1233,e01-119-02-07,ok,not
1260,e01-119-05-07,ok,not
1723,e02-082-02-01,ok,not
1995,e02-094-07-01,ok,not
2070,e02-100-04-10,ok,not
2081,e02-100-06-00,ok,not
3078,e04-058-00-03,ok,not
3342,e04-079-05-01,ok,not
3415,e04-083-04-05,ok,not
3676,e04-099-05-07,ok,not
3880,e04-114-04-04,ok,not
4028,e04-124-04-09,ok,not
4375,e06-010-00-07,ok,not
4561,e06-021-05-06,ok,not
4568,e06-021-06-05,ok,not
4691,e06-030-04-05,ok,not
5297,e07-000-00-02,ok,not
5443,e07-007-01-01,ok,not
5871,e07-076-04-03,ok,not
5884,e07-076-05-08,ok,not
5895,e07-076-07-02,ok,not
6078,e07-086-00-02,ok,not
6130,e07-086-07-01,ok,not
6595,e07-108-07-02,ok,not
177,e01-022-04-05,ok,in
214,e01-025-02-03,ok,in
231,e01-025-05-01,ok,in
245,e01-025-06-06,ok,in
258,e01-025-08-01,ok,in
268,e01-025-09-04,ok,in
293,e01-029-02-01,ok,in
305,e01-029-04-00,ok,in
328,e01-029-06-04,ok,in
423,e01-032-10-00,ok,in
433,e01-035-00-01,ok,in
507,e01-050-01-05,ok,in
651,e01-059-01-05,ok,in
790,e01-081-02-04,ok,in
984,e01-102-00-07,ok,in
1041,e01-102-07-03,ok,in
1089,e01-107-03-01,ok,in
1123,e01-107-07-04,ok,in
1136,e01-107-09-04,ok,in
1168,e01-113-03-04,ok,in
1245,e01-119-04-00,ok,in
1295,e02-000-01-03,ok,in
1337,e02-000-06-01,ok,in
1366,e02-014-01-08,ok,in
1570,e02-025-03-06,ok,in
1578,e02-025-05-01,ok,in
1632,e02-074-01-06,ok,in
1822,e02-086-03-10,ok,in
1962,e02-094-03-00,ok,in
2007,e02-094-08-06,ok,in
2028,e02-100-01-00,ok,in
2063,e02-100-04-03,ok,in
2243,e04-004-01-03,ok,in
2400,e04-011-03-08,ok,in
2472,e04-015-04-04,ok,in
2558,e04-019-07-02,ok,in
2676,e04-026-04-05,ok,in
2748,e04-030-04-03,ok,in
2822,e04-034-04-01,ok,in
2830,e04-034-04-09,ok,in
2945,e04-043-02-08,ok,in
2986,e04-052-00-03,ok,in
2992,e04-052-01-00,ok,in
3098,e04-058-01-11,ok,in
3288,e04-068-04-09,ok,in
3319,e04-079-01-04,ok,in
3367,e04-079-08-06,ok,in
3408,e04-083-03-07,ok,in
3532,e04-091-03-02,ok,in
3543,e04-091-04-04,ok,in
3742,e04-103-04-07,ok,in
4004,e04-124-02-05,ok,in
4195,e06-000-05-05,ok,in
4315,e06-006-03-05,ok,in
4349,e06-006-07-04,ok,in
4404,e06-010-03-00,ok,in
4584,e06-021-09-00,ok,in
4827,e06-033-09-00,ok,in
4866,e06-037-03-05,ok,in
4880,e06-037-05-05,ok,in
4948,e06-041-03-05,ok,in
4978,e06-041-08-03,ok,in
5022,e06-046-02-04,ok,in
5194,e06-053-06-05,ok,in
5222,e06-070-01-01,ok,in
5302,e07-000-00-07,ok,in
5439,e07-007-00-05,ok,in
5453,e07-007-02-02,ok,in
5483,e07-007-05-04,ok,in
5509,e07-012-00-05,ok,in
5515,e07-012-01-03,ok,in
5567,e07-012-08-05,ok,in
5622,e07-061-04-04,ok,in
5633,e07-061-05-07,ok,in
5648,e07-061-07-01,ok,in
5664,e07-061-09-00,ok,in
5683,e07-066-00-05,ok,in
5694,e07-066-02-03,ok,in
5702,e07-066-03-05,ok,in
5761,e07-072-02-01,ok,in
5768,e07-072-03-00,ok,in
5909,e07-076-09-01,ok,in
5951,e07-079-04-08,ok,in
6008,e07-083-01-07,ok,in
6014,e07-083-02-05,ok,in
6118,e07-086-05-04,ok,in
6134,e07-086-07-05,ok,in
6215,e07-090-08-03,ok,in
6244,e07-094-02-03,ok,in
6264,e07-094-04-04,ok,in
6292,e07-094-07-04,ok,in
6309,e07-098-01-00,ok,in
6361,e07-098-06-08,ok,in
6531,e07-105-06-07,ok,in
6567,e07-108-04-00,ok,in
6607,e07-108-08-04,ok,in
6617,e07-108-09-06,ok,in
89,e01-018-02-01,ok,with
95,e01-018-02-07,ok,with
121,e01-018-05-07,ok,with
270,e01-025-09-06,ok,with
281,e01-029-00-06,ok,with
537,e01-050-05-01,ok,with
560,e01-055-00-03,ok,with
571,e01-055-02-01,ok,with
579,e01-055-03-02,ok,with
612,e01-055-07-01,ok,with
797,e01-081-03-01,ok,with
960,e01-092-06-02,ok,with
1065,e01-107-00-08,ok,with
1100,e01-107-04-04,ok,with
1388,e02-014-03-10,ok,with
1584,e02-025-06-00,ok,with
1789,e02-086-01-00,ok,with
1888,e02-091-01-00,ok,with
2089,e02-117-00-02,ok,with
2263,e04-004-02-10,ok,with
2321,e04-008-01-05,ok,with
2413,e04-011-05-03,ok,with
2425,e04-011-07-02,ok,with
2542,e04-019-05-00,ok,with
2639,e04-026-00-08,ok,with
2668,e04-026-03-08,ok,with
2785,e04-034-01-00,ok,with
2850,e04-034-06-10,ok,with
2883,e04-038-02-04,ok,with
2976,e04-043-06-04,ok,with
3611,e04-095-06-00,ok,with
3751,e04-103-05-05,ok,with
3777,e04-109-01-00,ok,with
3834,e04-114-00-02,ok,with
3885,e04-114-04-09,ok,with
3999,e04-124-02-00,ok,with
4061,e04-127-01-00,ok,with
4165,e06-000-01-04,ok,with
4303,e06-006-02-00,ok,with
4431,e06-010-05-07,ok,with
4644,e06-026-08-00,ok,with
5329,e07-000-03-05,ok,with
5342,e07-000-04-08,ok,with
5377,e07-003-02-05,ok,with
5390,e07-003-04-01,ok,with
5692,e07-066-02-01,ok,with
5848,e07-076-01-04,ok,with
5966,e07-079-07-01,ok,with
6058,e07-083-08-03,ok,with
6098,e07-086-03-00,ok,with
6334,e07-098-03-06,ok,with
6638,e07-112-02-03,ok,with
6662,e07-112-05-05,ok,with
39,e01-014-04-01,ok,his
6042,e07-083-06-01,ok,his
112,e01-018-04-07,ok,is
196,e01-025-00-02,ok,is
267,e01-025-09-03,ok,is
323,e01-029-05-08,ok,is
734,e01-062-03-06,ok,is
739,e01-062-04-01,ok,is
944,e01-092-04-06,ok,is
956,e01-092-05-08,ok,is
971,e01-092-07-03,ok,is
1061,e01-107-00-04,ok,is
1079,e01-107-02-01,ok,is
1335,e02-000-05-09,ok,is
1382,e02-014-03-04,ok,is
1430,e02-018-02-07,ok,is
1468,e02-021-00-03,ok,is
1574,e02-025-04-03,ok,is
1631,e02-074-01-05,ok,is
1669,e02-074-06-03,ok,is
1678,e02-074-07-04,ok,is
1699,e02-074-09-08,ok,is
1710,e02-082-00-03,ok,is
1969,e02-094-04-00,ok,is
2037,e02-100-01-09,ok,is
2105,e02-117-02-02,ok,is
2162,e04-000-00-01,ok,is
2183,e04-000-02-05,ok,is
2209,e04-000-05-07,ok,is
2389,e04-011-02-08,ok,is
2411,e04-011-05-01,ok,is
2462,e04-015-03-03,ok,is
2513,e04-019-01-03,ok,is
2521,e04-019-02-03,ok,is
2616,e04-022-05-04,ok,is
2648,e04-026-01-08,ok,is
2876,e04-038-01-11,ok,is
2940,e04-043-02-03,ok,is
3058,e04-052-06-00,ok,is
3105,e04-058-02-06,ok,is
3118,e04-058-03-06,ok,is
3146,e04-062-00-01,ok,is
3270,e04-068-03-01,ok,is
3429,e04-083-06-02,ok,is
3435,e04-086-00-02,ok,is
3570,e04-095-01-02,ok,is
3582,e04-095-02-04,ok,is
3674,e04-099-05-05,ok,is
3685,e04-099-06-05,ok,is
3875,e04-114-03-09,ok,is
4175,e06-000-03-00,ok,is
4300,e06-006-01-03,ok,is
4320,e06-006-04-02,ok,is
4337,e06-006-06-01,ok,is
4567,e06-021-06-04,ok,is
4634,e06-026-06-02,ok,is
4680,e06-030-03-02,ok,is
4718,e06-030-08-01,ok,is
4750,e06-033-01-00,ok,is
4856,e06-037-02-04,ok,is
4914,e06-037-10-01,ok,is
5048,e06-046-04-05,ok,is
5375,e07-003-02-03,ok,is
5442,e07-007-01-00,ok,is
5548,e07-012-06-00,ok,is
5736,e07-066-07-06,ok,is
5740,e07-066-08-02,ok,is
5766,e07-072-02-06,ok,is
5842,e07-076-00-07,ok,is
5971,e07-079-07-06,ok,is
5983,e07-079-09-02,ok,is
6004,e07-083-01-03,ok,is
6051,e07-083-07-03,ok,is
6077,e07-086-00-01,ok,is
6193,e07-090-05-04,ok,is
6290,e07-094-07-02,ok,is
6299,e07-098-00-01,ok,is
6324,e07-098-02-06,ok,is
6391,e07-101-00-06,ok,is
6404,e07-101-01-10,ok,is
6414,e07-101-03-01,ok,is
6433,e07-101-05-02,ok,is
6440,e07-101-06-00,ok,is
6465,e07-101-08-07,ok,is
10,e01-014-01-02,ok,was
32,e01-014-03-03,ok,was
505,e01-050-01-03,ok,was
516,e01-050-02-07,ok,was
528,e01-050-04-00,ok,was
553,e01-050-06-07,ok,was
592,e01-055-04-06,ok,was
610,e01-055-06-08,ok,was
5197,e06-053-07-00,ok,was
5204,e06-053-07-07,ok,was
5230,e06-070-01-09,ok,was
6019,e07-083-03-02,ok,was
8,e01-014-01-00,ok,that
151,e01-022-00-05,ok,that
173,e01-022-04-01,ok,that
337,e01-029-08-00,ok,that
393,e01-032-06-01,ok,that
417,e01-032-09-02,ok,that
599,e01-055-05-04,ok,that
978,e01-102-00-01,ok,that
1081,e01-107-02-03,ok,that
1114,e01-107-06-04,ok,that
1546,e02-025-00-01,ok,that
1730,e02-082-02-08,ok,that
1874,e02-086-08-06,ok,that
2165,e04-000-00-04,ok,that
2440,e04-015-00-06,ok,that
2754,e04-030-04-09,ok,that
2890,e04-038-03-01,ok,that
3281,e04-068-04-02,ok,that
3580,e04-095-02-02,ok,that
3586,e04-095-02-08,ok,that
3600,e04-095-04-06,ok,that
3615,e04-095-06-04,ok,that
3790,e04-109-02-04,ok,that
4025,e04-124-04-06,ok,that
4172,e06-000-02-05,ok,that
4182,e06-000-03-07,ok,that
4218,e06-003-00-04,ok,that
4253,e06-003-06-02,ok,that
4304,e06-006-02-01,ok,that
4485,e06-015-05-01,ok,that
4537,e06-021-03-00,ok,that
4586,e06-021-09-02,ok,that
4633,e06-026-06-01,ok,that
4849,e06-037-01-04,ok,that
4926,e06-041-01-00,ok,that
4959,e06-041-05-03,ok,that
5050,e06-046-04-07,ok,that
5078,e06-049-02-00,ok,that
5089,e06-049-03-03,ok,that
5181,e06-053-05-00,ok,that
5737,e07-066-07-07,ok,that
5772,e07-072-03-04,ok,that
5812,e07-072-08-05,ok,that
5974,e07-079-08-01,ok,that
5998,e07-083-00-05,ok,that
6028,e07-083-04-04,ok,that
6288,e07-094-07-00,ok,that
6319,e07-098-02-01,ok,that
6441,e07-101-06-01,ok,that
6543,e07-108-00-07,ok,that
816,e01-081-05-00,ok,which
920,e01-092-01-04,ok,which
1833,e02-086-05-00,ok,which
1868,e02-086-08-00,ok,which
1894,e02-091-01-06,ok,which
1954,e02-094-01-05,ok,which
2316,e04-008-01-00,ok,which
2403,e04-011-04-02,ok,which
2491,e04-015-06-06,ok,which
2846,e04-034-06-06,ok,which
2932,e04-043-01-04,ok,which
3022,e04-052-03-05,ok,which
3084,e04-058-00-09,ok,which
3222,e04-062-07-02,ok,which
3421,e04-083-05-02,ok,which
3442,e04-086-00-09,ok,which
4900,e06-037-08-04,ok,which
5247,e06-070-03-04,ok,which
5826,e07-072-10-03,ok,which
5945,e07-079-04-02,ok,which
6055,e07-083-08-00,ok,which
6119,e07-086-05-05,ok,which
6428,e07-101-04-05,ok,which
60,e01-014-06-01,ok,have
1120,e01-107-07-01,ok,have
1792,e02-086-01-03,ok,have
1802,e02-086-02-02,ok,have
1863,e02-086-07-09,ok,have
2019,e02-100-00-02,ok,have
2093,e02-117-01-00,ok,have
2157,e02-117-08-02,ok,have
2251,e04-004-01-11,ok,have
2762,e04-030-05-06,ok,have
2934,e04-043-01-06,ok,have
3079,e04-058-00-04,ok,have
3107,e04-058-02-08,ok,have
3233,e04-068-00-01,ok,have
3326,e04-079-02-05,ok,have
3736,e04-103-04-01,ok,have
4673,e06-030-02-02,ok,have
4969,e06-041-07-00,ok,have
5296,e07-000-00-01,ok,have
5735,e07-066-07-05,ok,have
5775,e07-072-04-00,ok,have
5938,e07-079-03-02,ok,have
5961,e07-079-06-02,ok,have
6142,e07-086-08-05,ok,have
6204,e07-090-06-07,ok,have
6276,e07-094-05-08,ok,have
2,e01-014-00-02,ok,from
164,e01-022-02-04,ok,from
719,e01-062-02-00,ok,from
1043,e01-102-07-05,ok,from
1132,e01-107-09-00,ok,from
1236,e01-119-03-00,ok,from
1762,e02-082-06-03,ok,from
2232,e04-004-00-07,ok,from
2479,e04-015-05-03,ok,from
2525,e04-019-03-00,ok,from
2642,e04-026-01-02,ok,from
2723,e04-030-01-09,ok,from
3141,e04-058-05-06,ok,from
3266,e04-068-02-09,ok,from
3590,e04-095-03-03,ok,from
3629,e04-099-00-07,ok,from
3662,e04-099-04-04,ok,from
3668,e04-099-04-10,ok,from
4346,e06-006-07-01,ok,from
4413,e06-010-03-09,ok,from
4713,e06-030-07-03,ok,from
4848,e06-037-01-03,ok,from
5351,e07-000-05-08,ok,from
5606,e07-061-02-04,ok,from
5941,e07-079-03-05,ok,from
5987,e07-079-10-00,ok,from
656,e01-059-02-04,ok,at
670,e01-059-03-06,ok,at
1410,e02-018-00-02,ok,at
1414,e02-018-00-06,ok,at
1442,e02-018-04-02,ok,at
1507,e02-021-06-00,ok,at
1602,e02-025-08-01,ok,at
2599,e04-022-03-07,ok,at
3225,e04-062-07-05,ok,at
3517,e04-091-01-05,ok,at
3524,e04-091-02-03,ok,at
3709,e04-103-01-07,ok,at
3996,e04-124-01-09,ok,at
4084,e04-127-03-02,ok,at
4204,e06-000-06-06,ok,at
4383,e06-010-01-03,ok,at
4487,e06-015-05-03,ok,at
4512,e06-015-09-05,ok,at
4522,e06-021-01-01,ok,at
4752,e06-033-01-02,ok,at
4788,e06-033-04-06,ok,at
4861,e06-037-03-00,ok,at
5110,e06-049-06-03,ok,at
5536,e07-012-04-03,ok,at
5626,e07-061-05-00,ok,at
5816,e07-072-09-01,ok,at
113,e01-018-04-08,ok,an
532,e01-050-04-04,ok,an
981,e01-102-00-04,ok,an
1725,e02-082-02-03,ok,an
2022,e02-100-00-05,ok,an
2973,e04-043-06-01,ok,an
4093,e04-127-04-01,ok,an
4459,e06-015-01-05,ok,an
4641,e06-026-07-03,ok,an
4719,e06-030-08-02,ok,an
4794,e06-033-05-03,ok,an
5115,e06-049-07-01,ok,an
5594,e07-061-00-06,ok,an
5984,e07-079-09-03,ok,an
6082,e07-086-00-06,ok,an
6392,e07-101-00-07,ok,an
5160,e06-053-02-05,ok,had
5591,e07-061-00-03,ok,had
5604,e07-061-02-02,ok,had
5645,e07-061-06-09,ok,had
5662,e07-061-08-07,ok,had
262,e01-025-08-05,ok,will
276,e01-029-00-01,ok,will
1448,e02-018-04-08,ok,will
1810,e02-086-02-10,ok,will
1849,e02-086-06-04,ok,will
1937,e02-091-07-03,ok,will
1955,e02-094-01-06,ok,will
2166,e04-000-00-05,ok,will
2250,e04-004-01-10,ok,will
2275,e04-004-04-00,ok,will
2761,e04-030-05-05,ok,will
3122,e04-058-03-10,ok,will
3263,e04-068-02-06,ok,will
3422,e04-083-05-03,ok,will
3482,e04-086-04-06,ok,will
3563,e04-095-00-05,ok,will
3618,e04-095-06-07,ok,will
4510,e06-015-09-03,ok,will
4533,e06-021-02-05,ok,will
4690,e06-030-04-04,ok,will
4760,e06-033-02-02,ok,will
5877,e07-076-05-01,ok,will
5996,e07-083-00-03,ok,will
6657,e07-112-05-00,ok,will
224,e01-025-04-02,ok,would
1190,e01-113-05-07,ok,would
1767,e02-082-07-00,ok,would
2898,e04-038-04-01,ok,would
5070,e06-049-00-05,ok,would
5248,e06-070-03-05,ok,would
5258,e06-070-05-00,ok,would
5291,e06-070-09-03,ok,would
6275,e07-094-05-07,ok,would
28,e01-014-02-10,ok,this
236,e01-025-05-06,ok,this
550,e01-050-06-04,ok,this
1137,e01-107-09-05,ok,this
1342,e02-000-06-06,ok,this
1571,e02-025-04-00,ok,this
1916,e02-091-04-01,ok,this
2104,e02-117-02-01,ok,this
2158,e02-117-08-03,ok,this
2181,e04-000-02-03,ok,this
2435,e04-015-00-01,ok,this
2861,e04-038-00-05,ok,this
3508,e04-091-00-05,ok,this
3541,e04-091-04-02,ok,this
3569,e04-095-01-01,ok,this
3657,e04-099-03-09,ok,this
3856,e04-114-02-02,ok,this
3869,e04-114-03-03,ok,this
3947,e04-119-02-09,ok,this
4336,e06-006-06-00,ok,this
4369,e06-010-00-01,ok,this
4429,e06-010-05-05,ok,this
4564,e06-021-06-01,ok,this
4683,e06-030-03-05,ok,this
4714,e06-030-07-04,ok,this
4724,e06-030-09-01,ok,this
4743,e06-033-00-03,ok,this
4831,e06-033-09-04,ok,this
4897,e06-037-08-01,ok,this
4966,e06-041-06-05,ok,this
5151,e06-053-01-03,ok,this
5195,e06-053-06-06,ok,this
5223,e06-070-01-02,ok,this
5273,e06-070-06-07,ok,this
5738,e07-066-08-00,ok,this
6023,e07-083-03-06,ok,this
1784,e02-086-00-07,ok,their
2096,e02-117-01-03,ok,their
4424,e06-010-05-00,ok,their
5457,e07-007-02-06,ok,their
6011,e07-083-02-02,ok,their
6125,e07-086-06-05,ok,their
6137,e07-086-08-00,ok,their
6484,e07-105-00-05,ok,their
6505,e07-105-03-05,ok,their
6553,e07-108-02-00,ok,their
6572,e07-108-04-05,ok,their
519,e01-050-03-01,ok,who
2156,e02-117-08-01,ok,who
4549,e06-021-04-02,ok,who
4559,e06-021-05-04,ok,who
421,e01-032-09-06,ok,were
452,e01-035-02-02,ok,were
5795,e07-072-06-07,ok,were
1424,e02-018-02-01,ok,been
2148,e02-117-06-05,ok,been
2253,e04-004-02-00,ok,been
4820,e06-033-08-00,ok,been
6636,e07-112-02-01,ok,been
61,e01-014-06-02,ok,her
761,e01-062-06-06,ok,all
1700,e02-074-10-00,ok,all
4927,e06-041-01-01,ok,all
5484,e07-007-05-05,ok,all
6358,e07-098-06-05,ok,all
376,e01-032-04-04,ok,or
688,e01-059-05-07,ok,or
696,e01-059-06-05,ok,or
1034,e01-102-06-06,ok,or
2000,e02-094-07-06,ok,or
2030,e02-100-01-02,ok,or
2173,e04-000-01-02,ok,or
2885,e04-038-02-06,ok,or
3356,e04-079-07-02,ok,or
3468,e04-086-03-03,ok,or
3546,e04-091-04-07,ok,or
3775,e04-109-00-10,ok,or
3968,e04-119-04-04,ok,or
4400,e06-010-02-08,ok,or
4490,e06-015-05-06,ok,or
4573,e06-021-07-04,ok,or
4612,e06-026-02-04,ok,or
4766,e06-033-02-08,ok,or
4946,e06-041-03-03,ok,or
4951,e06-041-04-02,ok,or
5020,e06-046-02-02,ok,or
5032,e06-046-03-01,ok,or
5175,e06-053-04-04,ok,or
5217,e06-070-00-06,ok,or
5238,e06-070-02-07,ok,or
5322,e07-000-02-09,ok,or
5498,e07-007-07-01,ok,or
5722,e07-066-05-10,ok,or
6071,e07-083-10-03,ok,or
6262,e07-094-04-02,ok,or
6302,e07-098-00-04,ok,or
6463,e07-101-08-05,ok,or
6476,e07-101-09-09,ok,or
6548,e07-108-01-03,ok,or
226,e01-025-04-04,ok,more
344,e01-032-00-01,ok,more
995,e01-102-02-01,ok,more
1327,e02-000-05-01,ok,more
3024,e04-052-03-07,ok,more
5263,e06-070-05-05,ok,more
5267,e06-070-06-01,ok,more
6320,e07-098-02-02,ok,more
6417,e07-101-03-04,ok,more
6430,e07-101-04-07,ok,more
6624,e07-112-00-03,ok,more
6645,e07-112-03-02,ok,more
198,e01-025-00-04,ok,no
1614,e02-025-10-00,ok,no
4321,e06-006-04-03,ok,no
5218,e06-070-00-07,ok,no
5807,e07-072-08-00,ok,no
5972,e07-079-07-07,ok,no
6195,e07-090-05-06,ok,no
6454,e07-101-07-05,ok,no
227,e01-025-04-05,ok,than
1672,e02-074-06-06,ok,than
5793,e07-072-06-05,ok,than
6419,e07-101-03-06,ok,than
6615,e07-108-09-04,ok,than
6647,e07-112-03-04,ok,than
2360,e04-008-04-03,ok,them
3000,e04-052-01-08,ok,them
3522,e04-091-02-01,ok,them
3944,e04-119-02-06,ok,them
3952,e04-119-03-01,ok,them
4256,e06-003-06-05,ok,them
4327,e06-006-05-00,ok,them
4496,e06-015-06-05,ok,them
4913,e06-037-10-00,ok,them
6147,e07-086-09-04,ok,them
6308,e07-098-00-10,ok,them
6532,e07-105-06-08,ok,them
6556,e07-108-02-03,ok,them
6639,e07-112-02-04,ok,them
2317,e04-008-01-01,ok,should
3376,e04-083-00-05,ok,should
2439,e04-015-00-05,ok,so
3614,e04-095-06-03,ok,so
3950,e04-119-02-12,ok,so
4024,e04-124-04-05,ok,so
4318,e06-006-04-00,ok,so
5897,e07-076-07-04,ok,so
6020,e07-083-03-03,ok,so
6202,e07-090-06-05,ok,so
6365,e07-098-07-02,ok,so
6596,e07-108-07-03,ok,so
27,e01-014-02-09,ok,But
194,e01-025-00-00,ok,But
4391,e06-010-01-11,ok,But
4563,e06-021-06-00,ok,But
5038,e06-046-03-07,ok,But
53,e01-014-05-03,ok,out
1760,e02-082-06-01,ok,out
2083,e02-100-06-02,ok,out
3394,e04-083-02-04,ok,out
3623,e04-099-00-01,ok,out
3954,e04-119-03-03,ok,out
4764,e06-033-02-06,ok,out
4906,e06-037-09-03,ok,out
5168,e06-053-03-05,ok,out
5408,e07-003-06-04,ok,out
6306,e07-098-00-08,ok,out
6475,e07-101-09-08,ok,out
404,e01-032-07-05,ok,one
1968,e02-094-03-06,ok,one
3229,e04-062-07-09,ok,one
3663,e04-099-04-05,ok,one
4044,e04-124-06-00,ok,one
4086,e04-127-03-04,ok,one
4556,e06-021-05-01,ok,one
4688,e06-030-04-02,ok,one
5336,e07-000-04-02,ok,one
5537,e07-012-04-04,ok,one
5556,e07-012-06-08,ok,one
5728,e07-066-06-05,ok,one
6016,e07-083-02-07,ok,one
6394,e07-101-01-00,ok,one
210,e01-025-01-08,ok,into
530,e01-050-04-02,ok,into
631,e01-055-09-03,ok,into
2372,e04-011-01-01,ok,into
3507,e04-091-00-04,ok,into
3536,e04-091-03-06,ok,into
4101,e04-127-05-00,ok,into
4124,e04-132-00-06,ok,into
4140,e04-132-02-03,ok,into
4594,e06-021-10-03,ok,into
6307,e07-098-00-09,ok,into
3269,e04-068-03-00,ok,there
3732,e04-103-03-08,ok,there
4319,e06-006-04-01,ok,there
4532,e06-021-02-04,ok,there
4717,e06-030-08-00,ok,there
5970,e07-079-07-05,ok,there
6192,e07-090-05-03,ok,there
6451,e07-101-07-02,ok,there
1708,e02-082-00-01,ok,last
6096,e07-086-02-05,ok,last
6658,e07-112-05-01,ok,last
298,e01-029-03-00,ok,can
396,e01-032-06-04,ok,can
558,e01-055-00-01,ok,can
672,e01-059-03-08,ok,can
706,e01-062-00-06,ok,can
723,e01-062-02-04,ok,can
830,e01-086-00-02,ok,can
1129,e01-107-08-04,ok,can
1354,e02-014-00-06,ok,can
1360,e02-014-01-02,ok,can
1454,e02-018-05-04,ok,can
1736,e02-082-03-04,ok,can
1836,e02-086-05-03,ok,can
1875,e02-086-08-07,ok,can
1922,e02-091-05-00,ok,can
2112,e02-117-03-01,ok,can
2203,e04-000-05-01,ok,can
2299,e04-004-06-00,ok,can
2595,e04-022-03-03,ok,can
2847,e04-034-06-07,ok,can
2968,e04-043-05-05,ok,can
3331,e04-079-03-04,ok,can
3857,e04-114-02-03,ok,can
4107,e04-127-05-06,ok,can
4216,e06-003-00-02,ok,can
5813,e07-072-08-06,ok,can
5946,e07-079-04-03,ok,can
6068,e07-083-10-00,ok,can
6366,e07-098-07-03,ok,can
6444,e07-101-06-04,ok,can
6452,e07-101-07-03,ok,can
317,e01-029-05-02,ok,only
460,e01-035-03-02,ok,only
1724,e02-082-02-02,ok,only
2090,e02-117-00-03,ok,only
2964,e04-043-05-01,ok,only
3271,e04-068-03-02,ok,only
3423,e04-083-05-04,ok,only
4555,e06-021-05-00,ok,only
4879,e06-037-05-04,ok,only
5720,e07-066-05-08,ok,only
6108,e07-086-04-02,ok,only
6211,e07-090-07-05,ok,only
6315,e07-098-01-06,ok,only
6445,e07-101-06-05,ok,only
2971,e04-043-05-08,ok,people
1029,e01-102-06-01,ok,made
1062,e01-107-00-05,ok,made
1131,e01-107-08-06,ok,made
1601,e02-025-08-00,ok,made
1856,e02-086-07-02,ok,made
1877,e02-086-09-00,ok,made
2152,e02-117-07-02,ok,made
2463,e04-015-03-04,ok,made
2736,e04-030-03-00,ok,made
4123,e04-132-00-05,ok,made
5776,e07-072-04-01,ok,made
6030,e07-083-04-06,ok,made
6243,e07-094-02-02,ok,made
6269,e07-094-05-01,ok,made
1419,e02-018-01-02,ok,when
2077,e02-100-05-05,ok,when
3478,e04-086-04-02,ok,when
4420,e06-010-04-05,ok,when
4756,e06-033-01-06,ok,when
4875,e06-037-05-00,ok,when
4931,e06-041-01-05,ok,when
5323,e07-000-02-10,ok,when
6460,e07-101-08-02,ok,when
